label,channel,source,medium,campaign,content,term,destination,url
Product Hunt — listing link,referral,product-hunt,referral,launch-2026-06,ph-listing,,https://sparx.works/,https://sparx.works/?utm_source=product-hunt&utm_medium=referral&utm_campaign=launch-2026-06&utm_content=ph-listing
Product Hunt — first comment (promo),referral,product-hunt,referral,founding-100-2026-06,ph-comment,,https://sparx.works/pricing,https://sparx.works/pricing?utm_source=product-hunt&utm_medium=referral&utm_campaign=founding-100-2026-06&utm_content=ph-comment
Hacker News — Show HN,community,hacker-news,community,launch-2026-06,show-hn,,https://sparx.works/,https://sparx.works/?utm_source=hacker-news&utm_medium=community&utm_campaign=launch-2026-06&utm_content=show-hn
MCP registry — server listing,mcp_ai,mcp-registry,mcp,launch-2026-06,server-listing,,https://sparx.works/ai,https://sparx.works/ai?utm_source=mcp-registry&utm_medium=mcp&utm_campaign=launch-2026-06&utm_content=server-listing
Reddit — r/selfhosted,community,reddit,community,launch-2026-06,r-selfhosted,,https://sparx.works/,https://sparx.works/?utm_source=reddit&utm_medium=community&utm_campaign=launch-2026-06&utm_content=r-selfhosted
Reddit — r/ecommerce,community,reddit,community,launch-2026-06,r-ecommerce,,https://sparx.works/,https://sparx.works/?utm_source=reddit&utm_medium=community&utm_campaign=launch-2026-06&utm_content=r-ecommerce
Reddit — r/ClaudeAI,community,reddit,community,launch-2026-06,r-claudeai,,https://sparx.works/ai,https://sparx.works/ai?utm_source=reddit&utm_medium=community&utm_campaign=launch-2026-06&utm_content=r-claudeai
Indie Hackers — post,community,indie-hackers,community,launch-2026-06,ih-post,,https://sparx.works/,https://sparx.works/?utm_source=indie-hackers&utm_medium=community&utm_campaign=launch-2026-06&utm_content=ih-post
X — launch thread,organic_social,x,organic-social,launch-2026-06,launch-thread,,https://sparx.works/,https://sparx.works/?utm_source=x&utm_medium=organic-social&utm_campaign=launch-2026-06&utm_content=launch-thread
LinkedIn — launch post,organic_social,linkedin,organic-social,launch-2026-06,launch-post,,https://sparx.works/,https://sparx.works/?utm_source=linkedin&utm_medium=organic-social&utm_campaign=launch-2026-06&utm_content=launch-post
YouTube — MCP demo,organic_social,youtube,organic-social,launch-2026-06,demo-mcp,,https://sparx.works/ai,https://sparx.works/ai?utm_source=youtube&utm_medium=organic-social&utm_campaign=launch-2026-06&utm_content=demo-mcp
Newsletter — announcement,email,newsletter,email,launch-2026-06,announce,,https://sparx.works/,https://sparx.works/?utm_source=newsletter&utm_medium=email&utm_campaign=launch-2026-06&utm_content=announce
Peerlist — launchpad,referral,partner-peerlist,referral,launch-2026-06,listing,,https://sparx.works/,https://sparx.works/?utm_source=partner-peerlist&utm_medium=referral&utm_campaign=launch-2026-06&utm_content=listing
Uneed — launchpad,referral,partner-uneed,referral,launch-2026-06,listing,,https://sparx.works/,https://sparx.works/?utm_source=partner-uneed&utm_medium=referral&utm_campaign=launch-2026-06&utm_content=listing
Fazier — launchpad,referral,partner-fazier,referral,launch-2026-06,listing,,https://sparx.works/,https://sparx.works/?utm_source=partner-fazier&utm_medium=referral&utm_campaign=launch-2026-06&utm_content=listing
Tiny Launch — launchpad,referral,partner-tinylaunch,referral,launch-2026-06,listing,,https://sparx.works/,https://sparx.works/?utm_source=partner-tinylaunch&utm_medium=referral&utm_campaign=launch-2026-06&utm_content=listing
Microlaunch — launchpad,referral,partner-microlaunch,referral,launch-2026-06,listing,,https://sparx.works/,https://sparx.works/?utm_source=partner-microlaunch&utm_medium=referral&utm_campaign=launch-2026-06&utm_content=listing
BetaList — listing,referral,partner-betalist,referral,launch-2026-06,listing,,https://sparx.works/,https://sparx.works/?utm_source=partner-betalist&utm_medium=referral&utm_campaign=launch-2026-06&utm_content=listing
Google Ads — Shopify alternative,paid_search,google,paid-search,launch-2026-06,search-ad,shopify-alternative,https://sparx.works/migrate,https://sparx.works/migrate?utm_source=google&utm_medium=paid-search&utm_campaign=launch-2026-06&utm_term=shopify-alternative&utm_content=search-ad
Meta Ads — Founding 100,paid_social,meta,paid-social,founding-100-2026-06,founding-100,,https://sparx.works/pricing,https://sparx.works/pricing?utm_source=meta&utm_medium=paid-social&utm_campaign=founding-100-2026-06&utm_content=founding-100
sparxcms.com → CMS,referral,sparxcms,referral,launch-2026-06,cross-sell,,https://sparx.works/cms,https://sparx.works/cms?utm_source=sparxcms&utm_medium=referral&utm_campaign=launch-2026-06&utm_content=cross-sell
sparxcrm.com → CRM,referral,sparxcrm,referral,launch-2026-06,cross-sell,,https://sparx.works/crm,https://sparx.works/crm?utm_source=sparxcrm&utm_medium=referral&utm_campaign=launch-2026-06&utm_content=cross-sell
sparxemail.com → Email,referral,sparxemail,referral,launch-2026-06,cross-sell,,https://sparx.works/email,https://sparx.works/email?utm_source=sparxemail&utm_medium=referral&utm_campaign=launch-2026-06&utm_content=cross-sell
sparxb2b.com → B2B,referral,sparxb2b,referral,launch-2026-06,cross-sell,,https://sparx.works/b2b,https://sparx.works/b2b?utm_source=sparxb2b&utm_medium=referral&utm_campaign=launch-2026-06&utm_content=cross-sell
